"Trust_ODS_Code","Trust_Name","Address_label","Postcode","National_grouping","NHS_region","ICB_Code","ICB_Name","Open_date","Close_date"
"R0A","Manchester University NHS Foundation Trust","Cobbett House, Oxford Road, Manchester, M13 9WL","M13 9WL","Y62","North West Commissioning Region","QOP","NHS Greater Manchester Integrated Care Board",2017-10-01,NA
"R0B","South Tyneside and Sunderland NHS Foundation Trust","Sunderland Royal Hospital, Kayll Road, Sunderland, SR4 7TP","SR4 7TP","Y63","North East and Yorkshire Commissioning Region","QHM","NHS North East and North Cumbria Integrated Care Board",2019-04-01,NA
"R0D","University Hospitals Dorset NHS Foundation Trust","Management Offices, Poole Hospital, Longfleet Road, Poole, BH15 2JB","BH15 2JB","Y58","South West Commissioning Region","QVV","NHS Dorset Integrated Care Board",2020-10-01,NA
"R1A","Herefordshire and Worcestershire Health and Care NHS Trust","Unit 2 Kings Court, Charles Hastings Way, Worcester, WR5 1JR","WR5 1JR","Y60","Midlands Commissioning Region","QGH","NHS Herefordshire and Worcestershire Integrated Care Board",2011-07-01,NA
"R1C","Solent NHS Trust","Solent Nhs Trust Headquarters, Highpoint Venue, Bursledon Road, Southampton, SO19 8BR","SO19 8BR","Y59","South East Commissioning Region","QRL","NHS Hampshire and Isle of Wight Integrated Care Board",2011-04-01,NA
"R1D","Shropshire Community Health NHS Trust","William Farr House, Mytton Oak Road, Shrewsbury, SY3 8XL","SY3 8XL","Y60","Midlands Commissioning Region","QOC","NHS Shropshire, Telford and Wrekin Integrated Care Board",2011-07-01,NA
"R1F","Isle of Wight NHS Trust","St Marys Hospital, Parkhurst Road, Newport, PO30 5TG","PO30 5TG","Y59","South East Commissioning Region","QRL","NHS Hampshire and Isle of Wight Integrated Care Board",2012-04-01,NA
"R1H","Barts Health NHS Trust","The Royal London Hospital, 80 Newark Street, London, E1 2ES","E1 2ES","Y56","London Commissioning Region","QMF","NHS North East London Integrated Care Board",2012-04-01,NA
"R1K","London North West University Healthcare NHS Trust","Northwick Park Hospital, Watford Road, Harrow, HA1 3UJ","HA1 3UJ","Y56","London Commissioning Region","QRV","NHS North West London Integrated Care Board",2014-10-01,NA
"R1L","Essex Partnership University NHS Foundation Trust","The Lodge, Lodge Approach, Runwell, Wickford, SS11 7XX","SS11 7XX","Y61","East of England Commissioning Region","QH8","NHS Mid and South Essex Integrated Care Board",2017-04-01,NA
"RA2","Royal Surrey County Hospital NHS Foundation Trust","Egerton Road, Guildford, GU2 7XX","GU2 7XX","Y59","South East Commissioning Region","QXU","NHS Surrey Heartlands Integrated Care Board",1991-04-01,NA
"RA4","Yeovil District Hospital NHS Foundation Trust","Yeovil District Hospital, Higher Kingston, Yeovil, BA21 4AT","BA21 4AT","Y58","South West Commissioning Region","QSL","NHS Somerset Integrated Care Board",1991-04-01,NA
"RA7","University Hospitals Bristol and Weston NHS Foundation Trust","Trust Headquarters, Marlborough Street, Bristol, BS1 3NU","BS1 3NU","Y58","South West Commissioning Region","QUY","NHS Bristol, North Somerset and South Gloucestershire Integrated Care Board",1991-04-01,NA
"RA9","Torbay and South Devon NHS Foundation Trust","Torbay Hospital, Newton Road, Torquay, TQ2 7AA","TQ2 7AA","Y58","South West Commissioning Region","QJK","NHS Devon Integrated Care Board",1991-04-01,NA
"RAE","Bradford Teaching Hospitals NHS Foundation Trust","Bradford Royal Infirmary, Duckworth Lane, Bradford, BD9 6RJ","BD9 6RJ","Y63","North East and Yorkshire Commissioning Region","QWO","NHS West Yorkshire Integrated Care Board",1991-04-01,NA
"RAJ","Mid and South Essex NHS Foundation Trust","Prittlewell Chase, Westcliff-On-Sea, SS0 0RY","SS0 0RY","Y61","East of England Commissioning Region","QH8","NHS Mid and South Essex Integrated Care Board",1991-04-01,NA
"RAL","Royal Free London NHS Foundation Trust","Royal Free Hospital, Pond Street, London, NW3 2QG","NW3 2QG","Y56","London Commissioning Region","QMJ","NHS North Central London Integrated Care Board",1991-04-01,NA
"RAN","Royal National Orthopaedic Hospital NHS Trust","Brockley Hill, Stanmore, HA7 4LP","HA7 4LP","Y56","London Commissioning Region","QRV","NHS North West London Integrated Care Board",1991-04-01,NA
"RAP","North Middlesex University Hospital NHS Trust","North Middlesex Hospital, Sterling Way, London, N18 1QX","N18 1QX","Y56","London Commissioning Region","QMJ","NHS North Central London Integrated Care Board",1991-04-01,NA
"RAS","The Hillingdon Hospitals NHS Foundation Trust","Pield Heath Road, Uxbridge, UB8 3NN","UB8 3NN","Y56","London Commissioning Region","QRV","NHS North West London Integrated Care Board",1991-04-01,NA
"RAT","North East London NHS Foundation Trust","West Wing, C E M E Centre, Marsh Way, Rainham, RM13 8GQ","RM13 8GQ","Y56","London Commissioning Region","QMF","NHS North East London Integrated Care Board",2001-04-01,NA
"RAX","Kingston Hospital NHS Foundation Trust","Galsworthy Road, Kingston Upon Thames, KT2 7QB","KT2 7QB","Y56","London Commissioning Region","QWE","NHS South West London Integrated Care Board",1991-04-01,NA
"RBD","Dorset County Hospital NHS Foundation Trust","Dorset County Hospital, Williams Avenue, Dorchester, DT1 2JY","DT1 2JY","Y58","South West Commissioning Region","QVV","NHS Dorset Integrated Care Board",1991-04-01,NA
"RBK","Walsall Healthcare NHS Trust","Manor Hospital, Moat Road, Walsall, WS2 9PS","WS2 9PS","Y60","Midlands Commissioning Region","QUA","NHS Black Country Integrated Care Board",1991-04-01,NA
"RBL","Wirral University Teaching Hospital NHS Foundation Trust","Arrowe Park Hospital, Arrowe Park Road, Upton, Wirral, CH49 5PE","CH49 5PE","Y62","North West Commissioning Region","QYG","NHS Cheshire and Merseyside Integrated Care Board",1991-04-01,NA
"RBN","St Helens and Knowsley Teaching Hospitals NHS Trust","Whiston Hospital, Warrington Road, Prescot, L35 5DR","L35 5DR","Y62","North West Commissioning Region","QYG","NHS Cheshire and Merseyside Integrated Care Board",1991-04-01,NA
"RBQ","Liverpool Heart and Chest Hospital NHS Foundation Trust","Thomas Drive, Liverpool, L14 3PE","L14 3PE","Y62","North West Commissioning Region","QYG","NHS Cheshire and Merseyside Integrated Care Board",1991-04-01,NA
"RBS","Alder Hey Children's NHS Foundation Trust","Alder Hey Hospital, Eaton Road, West Derby, Liverpool, L12 2AP","L12 2AP","Y62","North West Commissioning Region","QYG","NHS Cheshire and Merseyside Integrated Care Board",1991-04-01,NA
"RBT","Mid Cheshire Hospitals NHS Foundation Trust","Leighton Hospital, Leighton, Crewe, CW1 4QJ","CW1 4QJ","Y62","North West Commissioning Region","QYG","NHS Cheshire and Merseyside Integrated Care Board",1991-04-01,NA
"RBV","The Christie NHS Foundation Trust","550 Wilmslow Road, Withington, Manchester, M20 4BX","M20 4BX","Y62","North West Commissioning Region","QOP","NHS Greater Manchester Integrated Care Board",1991-04-01,NA
"RBZ","Northern Devon Healthcare NHS Trust","North Devon District Hospital, Raleigh Park, Barnstaple, EX31 4JB","EX31 4JB","Y58","South West Commissioning Region","QJK","NHS Devon Integrated Care Board",1991-04-01,2022-03-31
"RC9","Bedfordshire Hospitals NHS Foundation Trust","Lewsey Road, Luton, LU4 0DZ","LU4 0DZ","Y61","East of England Commissioning Region","QHG","NHS Bedfordshire, Luton and Milton Keynes Integrated Care Board",1992-04-01,NA
"RCB","York and Scarborough Teaching Hospitals NHS Foundation Trust","York Hospital, Wigginton Road, York, YO31 8HE","YO31 8HE","Y63","North East and Yorkshire Commissioning Region","QOQ","NHS Humber and North Yorkshire Integrated Care Board",1992-04-01,NA
"RCD","Harrogate and District NHS Foundation Trust","Harrogate District Hospital, Lancaster Park Road, Harrogate, HG2 7SX","HG2 7SX","Y63","North East and Yorkshire Commissioning Region","QOQ","NHS Humber and North Yorkshire Integrated Care Board",1992-04-01,NA
"RCF","Airedale NHS Foundation Trust","Airedale General Hospital, Skipton Road, Steeton, Keighley, BD20 6TD","BD20 6TD","Y63","North East and Yorkshire Commissioning Region","QWO","NHS West Yorkshire Integrated Care Board",1992-04-01,NA
"RCU","Sheffield Children's NHS Foundation Trust","Western Bank, Sheffield, S10 2TH","S10 2TH","Y63","North East and Yorkshire Commissioning Region","QF7","NHS South Yorkshire Integrated Care Board",1992-04-01,NA
"RCX","The Queen Elizabeth Hospital, King's Lynn, NHS Foundation Trust","Queen Elizabeth Hospital, Gayton Road, King's Lynn, PE30 4ET","PE30 4ET","Y61","East of England Commissioning Region","QMM","NHS Norfolk and Waveney Integrated Care Board",1992-04-01,NA
"RD1","Royal United Hospitals Bath NHS Foundation Trust","Combe Park, Bath, BA1 3NG","BA1 3NG","Y58","South West Commissioning Region","QOX","NHS Bath and North East Somerset, Swindon and Wiltshire Integrated Care Board",1992-04-01,NA
"RD8","Milton Keynes University Hospital NHS Foundation Trust","Standing Way, Eaglestone, Milton Keynes, MK6 5LD","MK6 5LD","Y61","East of England Commissioning Region","QHG","NHS Bedfordshire, Luton and Milton Keynes Integrated Care Board",1992-04-01,NA
"RDE","East Suffolk and North Essex NHS Foundation Trust","Colchester Dist General Hospital, Turner Road, Colchester, CO4 5JL","CO4 5JL","Y61","East of England Commissioning Region","QJG","NHS Suffolk and North East Essex Integrated Care Board",1992-04-01,NA
"RDR","Sussex Community NHS Foundation Trust","Brighton General Hospital, Elm Grove, Brighton, BN2 3EW","BN2 3EW","Y59","South East Commissioning Region","QNX","NHS Sussex Integrated Care Board",1992-04-01,NA
"RDU","Frimley Health NHS Foundation Trust","Portsmouth Road, Frimley, Camberley, GU16 7UJ","GU16 7UJ","Y59","South East Commissioning Region","QNQ","NHS Frimley Integrated Care Board",1992-04-01,NA
"RDY","Dorset Healthcare University NHS Foundation Trust","Sentinel House, 4-6 Nuffield Road, Nuffield Industrial Estate, Poole, BH17 0RB","BH17 0RB","Y58","South West Commissioning Region","QVV","NHS Dorset Integrated Care Board",1992-04-01,NA
"REF","Royal Cornwall Hospitals NHS Trust","Royal Cornwall Hospital, Treliske, Truro, TR1 3LJ","TR1 3LJ","Y58","South West Commissioning Region","QT6","NHS Cornwall and The Isles of Scilly Integrated Care Board",1992-04-01,NA
"REM","Liverpool University Hospitals NHS Foundation Trust","Royal Liverpool University Hospital, Prescot Street, Liverpool, L7 8XP","L7 8XP","Y62","North West Commissioning Region","QYG","NHS Cheshire and Merseyside Integrated Care Board",1992-04-01,NA
"REN","The Clatterbridge Cancer Centre NHS Foundation Trust","Clatterbridge Hospital, Clatterbridge Road, Bebington, Wirral, CH63 4JY","CH63 4JY","Y62","North West Commissioning Region","QYG","NHS Cheshire and Merseyside Integrated Care Board",1992-04-01,NA
"REP","Liverpool Women's NHS Foundation Trust","Liverpool Womens Hospital, Crown Street, Liverpool, L8 7SS","L8 7SS","Y62","North West Commissioning Region","QYG","NHS Cheshire and Merseyside Integrated Care Board",1992-04-01,NA
"RET","The Walton Centre NHS Foundation Trust","Lower Lane, Liverpool, L9 7LJ","L9 7LJ","Y62","North West Commissioning Region","QYG","NHS Cheshire and Merseyside Integrated Care Board",1992-04-01,NA
"RF4","Barking, Havering and Redbridge University Hospitals NHS Trust","Queens Hospital, Rom Valley Way, Romford, RM7 0AG","RM7 0AG","Y56","London Commissioning Region","QMF","NHS North East London Integrated Care Board",2001-04-01,NA
"RFF","Barnsley Hospital NHS Foundation Trust","Gawber Road, Barnsley, S75 2EP","S75 2EP","Y63","North East and Yorkshire Commissioning Region","QF7","NHS South Yorkshire Integrated Care Board",1993-04-01,NA
"RFR","The Rotherham NHS Foundation Trust","Moorgate Road, Rotherham, S60 2UD","S60 2UD","Y63","North East and Yorkshire Commissioning Region","QF7","NHS South Yorkshire Integrated Care Board",1993-04-01,NA
"RFS","Chesterfield Royal Hospital NHS Foundation Trust","Chesterfield Road, Calow, Chesterfield, S44 5BL","S44 5BL","Y60","Midlands Commissioning Region","QJ2","NHS Derby and Derbyshire Integrated Care Board",1993-04-01,NA
"RGD","Leeds and York Partnership NHS Foundation Trust","2150 Century Way, Thorpe Park, Leeds, LS15 8ZB","LS15 8ZB","Y63","North East and Yorkshire Commissioning Region","QWO","NHS West Yorkshire Integrated Care Board",1993-04-01,NA
"RGM","Royal Papworth Hospital NHS Foundation Trust","Papworth Road, Cambridge Biomedical Campus, Cambridge, CB2 0AY","CB2 0AY","Y61","East of England Commissioning Region","QUE","NHS Cambridgeshire and Peterborough Integrated Care Board",1993-04-01,NA
"RGN","North West Anglia NHS Foundation Trust","Peterborough City Hospital, Bretton Gate, Bretton, Peterborough, PE3 9GZ","PE3 9GZ","Y61","East of England Commissioning Region","QUE","NHS Cambridgeshire and Peterborough Integrated Care Board",1993-04-01,NA
"RGP","James Paget University Hospitals NHS Foundation Trust","Lowestoft Road, Gorleston, Great Yarmouth, NR31 6LA","NR31 6LA","Y61","East of England Commissioning Region","QMM","NHS Norfolk and Waveney Integrated Care Board",1993-04-01,NA
"RGR","West Suffolk NHS Foundation Trust","West Suffolk Hospital, Hardwick Lane, Bury St. Edmunds, IP33 2QZ","IP33 2QZ","Y61","East of England Commissioning Region","QJG","NHS Suffolk and North East Essex Integrated Care Board",1993-04-01,NA
"RGT","Cambridge University Hospitals NHS Foundation Trust","Cambridge Biomedical Campus, Hills Road, Cambridge, CB2 0QQ","CB2 0QQ","Y61","East of England Commissioning Region","QUE","NHS Cambridgeshire and Peterborough Integrated Care Board",1993-04-01,NA
"RH5","Somerset NHS Foundation Trust","Trust Management, Lydeard House, Musgrove Park Hospital, Taunton, TA1 5DA","TA1 5DA","Y58","South West Commissioning Region","QSL","NHS Somerset Integrated Care Board",1993-04-01,NA
"RH8","Royal Devon University Healthcare NHS Foundation Trust","Royal Devon University Nhs Ft, Barrack Road, Exeter, EX2 5DW","EX2 5DW","Y58","South West Commissioning Region","QJK","NHS Devon Integrated Care Board",1993-04-01,NA
"RHA","Nottinghamshire Healthcare NHS Foundation Trust","The Resource, Trust Hq, Duncan Macmillan House, Porchester Road, Nottingham, NG3 6AA","NG3 6AA","Y60","Midlands Commissioning Region","QT1","NHS Nottingham and Nottinghamshire Integrated Care Board",2001-04-01,NA
"RHM","University Hospital Southampton NHS Foundation Trust","Southampton General Hospital, Tremona Road, Southampton, SO16 6YD","SO16 6YD","Y59","South East Commissioning Region","QRL","NHS Hampshire and Isle of Wight Integrated Care Board",1993-04-01,NA
"RHQ","Sheffield Teaching Hospitals NHS Foundation Trust","Northern General Hospital, Herries Road, Sheffield, S5 7AU","S5 7AU","Y63","North East and Yorkshire Commissioning Region","QF7","NHS South Yorkshire Integrated Care Board",2001-04-01,NA
"RHU","Portsmouth Hospitals University National Health Service Trust","Queen Alexandra Hospital, Southwick Hill Road, Cosham, Portsmouth, PO6 3LY","PO6 3LY","Y59","South East Commissioning Region","QRL","NHS Hampshire and Isle of Wight Integrated Care Board",1993-04-01,NA
"RHW","Royal Berkshire NHS Foundation Trust","Royal Berkshire Hospital, London Road, Reading, RG1 5AN","RG1 5AN","Y59","South East Commissioning Region","QU9","NHS Buckinghamshire, Oxfordshire and Berkshire West Integrated Care Board",1993-04-01,NA
"RJ1","Guy's and St Thomas' NHS Foundation Trust","St Thomas' Hospital, Westminster Bridge Road, London, SE1 7EH","SE1 7EH","Y56","London Commissioning Region","QKK","NHS South East London Integrated Care Board",1993-04-01,NA
"RJ2","Lewisham and Greenwich NHS Trust","University Hospital Lewisham, Lewisham High Street, London, SE13 6LH","SE13 6LH","Y56","London Commissioning Region","QKK","NHS South East London Integrated Care Board",1993-04-01,NA
"RJ6","Croydon Health Services NHS Trust","Croydon University Hospital, 530 London Road, Thornton Heath, CR7 7YE","CR7 7YE","Y56","London Commissioning Region","QWE","NHS South West London Integrated Care Board",1993-04-01,NA
"RJ7","St George's University Hospitals NHS Foundation Trust","St George's Hospital, Blackshaw Road, Tooting, London, SW17 0QT","SW17 0QT","Y56","London Commissioning Region","QWE","NHS South West London Integrated Care Board",1993-04-01,NA
"RJ8","Cornwall Partnership NHS Foundation Trust","Carew House, Beacon Technology Park, Dunmere Road, Bodmin, Cornwall, PL31 2QN","PL31 2QN","Y58","South West Commissioning Region","QT6","NHS Cornwall and The Isles of Scilly Integrated Care Board",1993-04-01,NA
"RJC","South Warwickshire NHS Foundation Trust","Warwick Hospital, Lakin Road, Warwick, CV34 5BW","CV34 5BW","Y60","Midlands Commissioning Region","QWU","NHS Coventry and Warwickshire Integrated Care Board",1993-04-01,NA
"RJE","University Hospitals of North Midlands NHS Trust","Newcastle Road, Stoke-On-Trent, ST4 6QG","ST4 6QG","Y60","Midlands Commissioning Region","QNC","NHS Staffordshire and Stoke-On-Trent Integrated Care Board",1993-04-01,NA
"RJL","Northern Lincolnshire and Goole NHS Foundation Trust","Diana Princess Of Wales Hospital, Scartho Road, Grimsby, DN33 2BA","DN33 2BA","Y63","North East and Yorkshire Commissioning Region","QOQ","NHS Humber and North Yorkshire Integrated Care Board",2001-04-01,NA
"RJN","East Cheshire NHS Trust","Macclesfield District Hospital, Victoria Road, Macclesfield, SK10 3BL","SK10 3BL","Y62","North West Commissioning Region","QYG","NHS Cheshire and Merseyside Integrated Care Board",1993-04-01,NA
"RJR","Countess of Chester Hospital NHS Foundation Trust","Countess Of Chester Health Park, Liverpool Road, Chester, CH2 1UL","CH2 1UL","Y62","North West Commissioning Region","QYG","NHS Cheshire and Merseyside Integrated Care Board",1993-04-01,NA
"RJZ","King's College Hospital NHS Foundation Trust","Denmark Hill, London, SE5 9RS","SE5 9RS","Y56","London Commissioning Region","QKK","NHS South East London Integrated Care Board",1993-04-01,NA
"RK5","Sherwood Forest Hospitals NHS Foundation Trust","Kings Mill Hospital, Mansfield Road, Sutton-In-Ashfield, NG17 4JL","NG17 4JL","Y60","Midlands Commissioning Region","QT1","NHS Nottingham and Nottinghamshire Integrated Care Board",1994-04-01,NA
"RK9","University Hospitals Plymouth NHS Trust","Derriford Hospital, Derriford Road, Derriford, Plymouth, PL6 8DH","PL6 8DH","Y58","South West Commissioning Region","QJK","NHS Devon Integrated Care Board",1994-04-01,NA
"RKB","University Hospitals Coventry and Warwickshire NHS Trust","Walsgrave General Hospital, Clifford Bridge Road, Coventry, CV2 2DX","CV2 2DX","Y60","Midlands Commissioning Region","QWU","NHS Coventry and Warwickshire Integrated Care Board",1993-04-01,NA
"RKE","Whittington Health NHS Trust","The Whittington Hospital, Magdala Avenue, London, N19 5NF","N19 5NF","Y56","London Commissioning Region","QMJ","NHS North Central London Integrated Care Board",1993-04-01,NA
"RKL","West London NHS Trust","1 Armstrong Way, Southall, UB2 4SD","UB2 4SD","Y56","London Commissioning Region","QRV","NHS North West London Integrated Care Board",2001-04-01,NA
"RL1","The Robert Jones and Agnes Hunt Orthopaedic Hospital NHS Foundation Trust","Gobowen, Oswestry, SY10 7AG","SY10 7AG","Y60","Midlands Commissioning Region","QOC","NHS Shropshire, Telford and Wrekin Integrated Care Board",1994-04-01,NA
"RL4","The Royal Wolverhampton NHS Trust","New Cross Hospital, Wolverhampton Road, Heath Town, Wolverhampton, WV10 0QP","WV10 0QP","Y60","Midlands Commissioning Region","QUA","NHS Black Country Integrated Care Board",1994-04-01,NA
"RLQ","Wye Valley NHS Trust","County Hospital, 27 Union Walk, Hereford, HR1 2ER","HR1 2ER","Y60","Midlands Commissioning Region","QGH","NHS Herefordshire and Worcestershire Integrated Care Board",1994-04-01,NA
"RLT","George Eliot Hospital NHS Trust","Lewes House, College Street, Nuneaton, CV10 7DJ","CV10 7DJ","Y60","Midlands Commissioning Region","QWU","NHS Coventry and Warwickshire Integrated Care Board",1994-04-01,NA
"RLY","North Staffordshire Combined Healthcare NHS Trust","Lawton House, Bellringer Road, Trentham, Stoke-On-Trent, ST4 8HH","ST4 8HH","Y60","Midlands Commissioning Region","QNC","NHS Staffordshire and Stoke-On-Trent Integrated Care Board",1994-04-01,NA
"RM1","Norfolk and Norwich University Hospitals NHS Foundation Trust","Colney Lane, Colney, Norwich, NR4 7UY","NR4 7UY","Y61","East of England Commissioning Region","QMM","NHS Norfolk and Waveney Integrated Care Board",1994-04-01,NA
"RM3","Northern Care Alliance NHS Foundation Trust","Salford Royal, Stott Lane, Salford, Greater Manchester, M6 8HD","M6 8HD","Y62","North West Commissioning Region","QOP","NHS Greater Manchester Integrated Care Board",1994-04-01,NA
"RMC","Bolton NHS Foundation Trust","The Royal Bolton Hospital, Minerva Road, Farnworth, Bolton, BL4 0JR","BL4 0JR","Y62","North West Commissioning Region","QOP","NHS Greater Manchester Integrated Care Board",1994-04-01,NA
"RMP","Tameside and Glossop Integrated Care NHS Foundation Trust","Tameside General Hospital, Fountain Street, Ashton-Under-Lyne, OL6 9RW","OL6 9RW","Y62","North West Commissioning Region","QOP","NHS Greater Manchester Integrated Care Board",1994-04-01,NA
"RMY","Norfolk and Suffolk NHS Foundation Trust","Hellesdon Hospital, Drayton High Road, Norwich, Norfolk, NR6 5BE","NR6 5BE","Y61","East of England Commissioning Region","QMM","NHS Norfolk and Waveney Integrated Care Board",1994-04-01,NA
"RN3","Great Western Hospitals NHS Foundation Trust","Great Western Hospital, Marlborough Road, Swindon, SN3 6BB","SN3 6BB","Y58","South West Commissioning Region","QOX","NHS Bath and North East Somerset, Swindon and Wiltshire Integrated Care Board",1994-04-01,NA
"RN5","Hampshire Hospitals NHS Foundation Trust","Basingstoke And North Hampshire Hos, Aldermaston Road, Basingstoke, Hampshire, RG24 9NA","RG24 9NA","Y59","South East Commissioning Region","QRL","NHS Hampshire and Isle of Wight Integrated Care Board",1994-04-01,NA
"RN7","Dartford and Gravesham NHS Trust","Darent Valley Hospital, Darenth Wood Road, Dartford, DA2 8DA","DA2 8DA","Y59","South East Commissioning Region","QKS","NHS Kent and Medway Integrated Care Board",1994-04-01,NA
"RNA","The Dudley Group NHS Foundation Trust","Russells Hall Hospital, Pensnett Road, Dudley, DY1 2HQ","DY1 2HQ","Y60","Midlands Commissioning Region","QUA","NHS Black Country Integrated Care Board",1994-04-01,NA
"RNK","Tavistock and Portman NHS Foundation Trust","The Tavistock Centre, 120 Belsize Lane, London, NW3 5BA","NW3 5BA","Y56","London Commissioning Region","QMJ","NHS North Central London Integrated Care Board",1994-04-01,NA
"RNN","North Cumbria Integrated Care NHS Foundation Trust","Pillars Building, Cumberland Infirmary, Infirmary Street, Carlisle, CA2 7HY","CA2 7HY","Y63","North East and Yorkshire Commissioning Region","QHM","NHS North East and North Cumbria Integrated Care Board",2001-04-01,NA
"RNQ","Kettering General Hospital NHS Foundation Trust","Rothwell Road, Kettering, NN16 8UZ","NN16 8UZ","Y60","Midlands Commissioning Region","QPM","NHS Northamptonshire Integrated Care Board",1994-04-01,NA
"RNS","Northampton General Hospital NHS Trust","Cliftonville, Northampton, NN1 5BD","NN1 5BD","Y60","Midlands Commissioning Region","QPM","NHS Northamptonshire Integrated Care Board",1994-04-01,NA
"RNU","Oxford Health NHS Foundation Trust","Warneford Hospital, Warneford Lane, Headington, Oxford, OX3 7JX","OX3 7JX","Y59","South East Commissioning Region","QU9","NHS Buckinghamshire, Oxfordshire and Berkshire West Integrated Care Board",1994-04-01,NA
"RNZ","Salisbury NHS Foundation Trust","Salisbury District Hospital, Odstock Road, Salisbury, SP2 8BJ","SP2 8BJ","Y58","South West Commissioning Region","QOX","NHS Bath and North East Somerset, Swindon and Wiltshire Integrated Care Board",1994-04-01,NA
"RP1","Northamptonshire Healthcare NHS Foundation Trust","St Marys Hospital, 77 London Road, Kettering, NN15 7PW","NN15 7PW","Y60","Midlands Commissioning Region","QPM","NHS Northamptonshire Integrated Care Board",2001-04-01,NA
"RP4","Great Ormond Street Hospital For Children NHS Foundation Trust","Great Ormond Street, London, WC1N 3JH","WC1N 3JH","Y56","London Commissioning Region","QMJ","NHS North Central London Integrated Care Board",1994-04-01,NA
"RP5","Doncaster and Bassetlaw Teaching Hospitals NHS Foundation Trust","Doncaster Royal Infirmary, Armthorpe Road, Doncaster, DN2 5LT","DN2 5LT","Y63","North East and Yorkshire Commissioning Region","QF7","NHS South Yorkshire Integrated Care Board",2001-04-01,NA
"RP6","Moorfields Eye Hospital NHS Foundation Trust","162 City Road, London, EC1V 2PD","EC1V 2PD","Y56","London Commissioning Region","QMJ","NHS North Central London Integrated Care Board",1994-04-01,NA
"RP7","Lincolnshire Partnership NHS Foundation Trust","St George's, Long Leys Road, Lincoln, LN1 1FS","LN1 1FS","Y60","Midlands Commissioning Region","QJM","NHS Lincolnshire Integrated Care Board",2001-04-01,NA
"RPA","Medway NHS Foundation Trust","Medway Maritime Hospital, Windmill Road, Gillingham, ME7 5NY","ME7 5NY","Y59","South East Commissioning Region","QKS","NHS Kent and Medway Integrated Care Board",1994-04-01,NA
"RPC","Queen Victoria Hospital NHS Foundation Trust","Holtye Road, East Grinstead, RH19 3DZ","RH19 3DZ","Y59","South East Commissioning Region","QNX","NHS Sussex Integrated Care Board",1994-04-01,NA
"RPG","Oxleas NHS Foundation Trust","Pinewood House, Pinewood Place, Dartford, DA2 7WG","DA2 7WG","Y56","London Commissioning Region","QKK","NHS South East London Integrated Care Board",1994-04-01,NA
"RPY","The Royal Marsden NHS Foundation Trust","Fulham Road, London, Greater London, SW3 6JJ","SW3 6JJ","Y56","London Commissioning Region","QRV","NHS North West London Integrated Care Board",1994-04-01,NA
"RQ3","Birmingham Women's and Children's NHS Foundation Trust","Steelhouse Lane, Birmingham, West Midlands, B4 6NH","B4 6NH","Y60","Midlands Commissioning Region","QHL","NHS Birmingham and Solihull Integrated Care Board",1995-04-01,NA
"RQF","Velindre NHS Trust","Unit 2, Charnwood Court, Heol Billingsley, Cardiff, CF15 7QZ","CF15 7QZ","W00","Wales","Q99","Wales",1994-04-01,NA
"RQM","Chelsea and Westminster Hospital NHS Foundation Trust","Chelsea & Westminster Hospital, 369 Fulham Road, London, SW10 9NH","SW10 9NH","Y56","London Commissioning Region","QRV","NHS North West London Integrated Care Board",1994-04-01,NA
"RQW","The Princess Alexandra Hospital NHS Trust","Hamstel Road, Harlow, CM20 1QX","CM20 1QX","Y61","East of England Commissioning Region","QM7","NHS Hertfordshire and West Essex Integrated Care Board",1995-04-01,NA
"RQX","Homerton Healthcare NHS Foundation Trust","Homerton Row, London, E9 6SR","E9 6SR","Y56","London Commissioning Region","QMF","NHS North East London Integrated Care Board",1995-04-01,NA
"RQY","South West London and St George's Mental Health NHS Trust","Springfield Hospital, 61 Glenburnie Road, London, SW17 7DJ","SW17 7DJ","Y56","London Commissioning Region","QWE","NHS South West London Integrated Care Board",1995-04-01,NA
"RR7","Gateshead Health NHS Foundation Trust","Queen Elizabeth Hospital, Sheriff Hill, Gateshead, NE9 6SX","NE9 6SX","Y63","North East and Yorkshire Commissioning Region","QHM","NHS North East and North Cumbria Integrated Care Board",1998-04-01,NA
"RR8","Leeds Teaching Hospitals NHS Trust","St. James's University Hospital, Beckett Street, Leeds, LS9 7TF","LS9 7TF","Y63","North East and Yorkshire Commissioning Region","QWO","NHS West Yorkshire Integrated Care Board",1998-04-01,NA
"RRE","Midlands Partnership NHS Foundation Trust","Trust Headquarters, St Georges Hospital, Corporation Street, Stafford, Staffordshire, ST16 3SR","ST16 3SR","Y60","Midlands Commissioning Region","QNC","NHS Staffordshire and Stoke-On-Trent Integrated Care Board",2001-04-01,NA
"RRF","Wrightington, Wigan and Leigh NHS Foundation Trust","Royal Albert Edward Infirmary, Wigan Lane, Wigan, WN1 2NN","WN1 2NN","Y62","North West Commissioning Region","QOP","NHS Greater Manchester Integrated Care Board",2001-04-01,NA
"RRJ","The Royal Orthopaedic Hospital NHS Foundation Trust","The Woodlands, Bristol Road South, Northfield, Birmingham, B31 2AP","B31 2AP","Y60","Midlands Commissioning Region","QHL","NHS Birmingham and Solihull Integrated Care Board",1995-04-01,NA
"RRK","University Hospitals Birmingham NHS Foundation Trust","Queen Elizabeth Hospital, Mindelsohn Way, Edgbaston, Birmingham, West Midlands, B15 2GW","B15 2GW","Y60","Midlands Commissioning Region","QHL","NHS Birmingham and Solihull Integrated Care Board",1995-04-01,NA
"RRP","Barnet, Enfield and Haringey Mental Health NHS Trust","Trust Headquarters Block B2, St Ann's Hospital, St Ann's Road, London, N15 3TH","N15 3TH","Y56","London Commissioning Region","QMJ","NHS North Central London Integrated Care Board",2001-04-01,NA
"RRU","London Ambulance Service NHS Trust","220 Waterloo Road, London, SE1 8SD","SE1 8SD","Y56","London Commissioning Region","QKK","NHS South East London Integrated Care Board",1996-04-01,NA
"RRV","University College London Hospitals NHS Foundation Trust","250 Euston Road, London, NW1 2PG","NW1 2PG","Y56","London Commissioning Region","QMJ","NHS North Central London Integrated Care Board",1996-04-01,NA
"RT1","Cambridgeshire and Peterborough NHS Foundation Trust","Elizabeth House,, Fulbourn Hospital, Fulbourn, Cambridge, CB21 5EF","CB21 5EF","Y61","East of England Commissioning Region","QUE","NHS Cambridgeshire and Peterborough Integrated Care Board",2002-04-01,NA
"RT2","Pennine Care NHS Foundation Trust","225 Old Street, Ashton-Under-Lyne, OL6 7SR","OL6 7SR","Y62","North West Commissioning Region","QOP","NHS Greater Manchester Integrated Care Board",2002-04-01,NA
"RT4","Welsh Ambulance Services NHS Trust","Unit 7, Ffordd Richard Davies, St Asaph Business Park, St. Asaph, LL17 0LJ","LL17 0LJ","W00","Wales","Q99","Wales",1998-04-01,NA
"RT5","Leicestershire Partnership NHS Trust","Riverside House, Bridge Park Plaza, Bridge Park Road, Leicester, Leicestershire, LE4 8PQ","LE4 8PQ","Y60","Midlands Commissioning Region","QK1","NHS Leicester, Leicestershire and Rutland Integrated Care Board",1999-04-01,NA
"RTD","The Newcastle Upon Tyne Hospitals NHS Foundation Trust","Freeman Hospital, Freeman Road, High Heaton, Newcastle Upon Tyne, NE7 7DN","NE7 7DN","Y63","North East and Yorkshire Commissioning Region","QHM","NHS North East and North Cumbria Integrated Care Board",1998-04-01,NA
"RTE","Gloucestershire Hospitals NHS Foundation Trust","Cheltenham General Hospital, Sandford Road, Cheltenham, GL53 7AN","GL53 7AN","Y58","South West Commissioning Region","QR1","NHS Gloucestershire Integrated Care Board",2002-04-01,NA
"RTF","Northumbria Healthcare NHS Foundation Trust","North Tyneside General Hospital, Rake Lane, North Shields, NE29 8NH","NE29 8NH","Y63","North East and Yorkshire Commissioning Region","QHM","NHS North East and North Cumbria Integrated Care Board",1998-04-01,NA
"RTG","University Hospitals of Derby and Burton NHS Foundation Trust","Royal Derby Hospital, Uttoxeter Road, Derby, DE22 3NE","DE22 3NE","Y60","Midlands Commissioning Region","QJ2","NHS Derby and Derbyshire Integrated Care Board",1998-04-01,NA
"RTH","Oxford University Hospitals NHS Foundation Trust","John Radcliffe Hospital, Headley Way, Headington, Oxford, OX3 9DU","OX3 9DU","Y59","South East Commissioning Region","QU9","NHS Buckinghamshire, Oxfordshire and Berkshire West Integrated Care Board",1998-04-01,NA
"RTK","Ashford and St Peter's Hospitals NHS Foundation Trust","St Peters Hospital, Guildford Road, Chertsey, KT16 0PZ","KT16 0PZ","Y59","South East Commissioning Region","QXU","NHS Surrey Heartlands Integrated Care Board",1998-04-01,NA
"RTP","Surrey and Sussex Healthcare NHS Trust","Trust Headquarters, East Surrey Hospital, Canada Avenue, Redhill, Surrey, RH1 5RH","RH1 5RH","Y59","South East Commissioning Region","QXU","NHS Surrey Heartlands Integrated Care Board",1998-04-01,NA
"RTQ","Gloucestershire Health and Care NHS Foundation Trust","Edward Jenner Court, 1010 Pioneer Avenue, Gloucester Business Park, Gloucester, GL3 4AW","GL3 4AW","Y58","South West Commissioning Region","QR1","NHS Gloucestershire Integrated Care Board",2002-04-01,NA
"RTR","South Tees Hospitals NHS Foundation Trust","James Cook University Hospital, Marton Road, Middlesbrough, TS4 3BW","TS4 3BW","Y63","North East and Yorkshire Commissioning Region","QHM","NHS North East and North Cumbria Integrated Care Board",2002-04-01,NA
"RTV","North West Boroughs Healthcare NHS Foundation Trust","Hollins Park House, Hollins Park Hospital, Hollins Lane, Warrington, WA2 8WA","WA2 8WA","Y62","North West Commissioning Region","QYG","NHS Cheshire and Merseyside Integrated Care Board",2002-04-01,2021-05-31
"RTX","University Hospitals of Morecambe Bay NHS Foundation Trust","Westmorland General Hospital, Burton Road, Kendal, LA9 7RG","LA9 7RG","Y62","North West Commissioning Region","QE1","NHS Lancashire and South Cumbria Integrated Care Board",1998-04-01,NA
"RV3","Central and North West London NHS Foundation Trust","Trust Headquarters, 350 Euston Road, Regents Place, London, NW1 3AX","NW1 3AX","Y56","London Commissioning Region","QMJ","NHS North Central London Integrated Care Board",1999-04-01,NA
"RV5","South London and Maudsley NHS Foundation Trust","Bethlem Royal Hospital, Monks Orchard Road, Beckenham, Kent, BR3 3BX","BR3 3BX","Y56","London Commissioning Region","QKK","NHS South East London Integrated Care Board",1999-04-01,NA
"RV9","Humber Teaching NHS Foundation Trust","Trust Hq, Willerby Hill, Beverley Road, Willerby, Hull, HU10 6ED","HU10 6ED","Y63","North East and Yorkshire Commissioning Region","QOQ","NHS Humber and North Yorkshire Integrated Care Board",1999-10-01,NA
"RVJ","North Bristol NHS Trust","Southmead Hospital, Southmead Road, Westbury-On-Trym, Bristol, BS10 5NB","BS10 5NB","Y58","South West Commissioning Region","QUY","NHS Bristol, North Somerset and South Gloucestershire Integrated Care Board",1999-04-01,NA
"RVN","Avon and Wiltshire Mental Health Partnership NHS Trust","Bath Nhs House, Newbridge Hill, Bath, BA1 3QE","BA1 3QE","Y58","South West Commissioning Region","QOX","NHS Bath and North East Somerset, Swindon and Wiltshire Integrated Care Board",1999-04-01,NA
"RVR","Epsom and St Helier University Hospitals NHS Trust","St Helier Hospital, Wrythe Lane, Carshalton, SM5 1AA","SM5 1AA","Y56","London Commissioning Region","QWE","NHS South West London Integrated Care Board",1999-04-01,NA
"RVV","East Kent Hospitals University NHS Foundation Trust","Kent & Canterbury Hospital, Ethelbert Road, Canterbury, CT1 3NG","CT1 3NG","Y59","South East Commissioning Region","QKS","NHS Kent and Medway Integrated Care Board",1999-04-01,NA
"RVW","North Tees and Hartlepool NHS Foundation Trust","University Hospital Of Hartlepool, Holdforth Road, Hartlepool, TS24 9AH","TS24 9AH","Y63","North East and Yorkshire Commissioning Region","QHM","NHS North East and North Cumbria Integrated Care Board",1999-04-01,NA
"RVY","Southport and Ormskirk Hospital NHS Trust","Town Lane, Southport, PR8 6PN","PR8 6PN","Y62","North West Commissioning Region","QYG","NHS Cheshire and Merseyside Integrated Care Board",1999-04-01,NA
"RW1","Southern Health NHS Foundation Trust","Tatchbury Mount Hospital, Calmore, Southampton, SO40 2RZ","SO40 2RZ","Y59","South East Commissioning Region","QRL","NHS Hampshire and Isle of Wight Integrated Care Board",2001-04-01,NA
"RW4","Mersey Care NHS Foundation Trust","V7 Building, Kings Business Park, Kings Drive, Prescot, L34 1PJ","L34 1PJ","Y62","North West Commissioning Region","QYG","NHS Cheshire and Merseyside Integrated Care Board",2001-04-01,NA
"RW5","Lancashire & South Cumbria NHS Foundation Trust","Sceptre Point, Sceptre Way, Bamber Bridge, Preston, PR5 6AW","PR5 6AW","Y62","North West Commissioning Region","QE1","NHS Lancashire and South Cumbria Integrated Care Board",2002-04-01,NA
"RW6","Pennine Acute Hospitals NHS Trust","Trust Headquarters, North Manchester General Hospital, Delaunays Road, Crumpsall, Manchester, M8 5RB","M8 5RB","Y62","North West Commissioning Region","QOP","NHS Greater Manchester Integrated Care Board",2002-04-01,2021-09-30
"RWA","Hull University Teaching Hospitals NHS Trust","Hull Royal Infirmary, Anlaby Road, Hull, HU3 2JZ","HU3 2JZ","Y63","North East and Yorkshire Commissioning Region","QOQ","NHS Humber and North Yorkshire Integrated Care Board",1999-10-01,NA
"RWD","United Lincolnshire Hospitals NHS Trust","Lincoln County Hospital, Greetwell Road, Lincoln, LN2 5QY","LN2 5QY","Y60","Midlands Commissioning Region","QJM","NHS Lincolnshire Integrated Care Board",2000-04-01,NA
"RWE","University Hospitals of Leicester NHS Trust","Leicester Royal Infirmary, Infirmary Square, Leicester, LE1 5WW","LE1 5WW","Y60","Midlands Commissioning Region","QK1","NHS Leicester, Leicestershire and Rutland Integrated Care Board",2000-04-01,NA
"RWF","Maidstone and Tunbridge Wells NHS Trust","The Maidstone Hospital, Hermitage Lane, Maidstone, ME16 9QQ","ME16 9QQ","Y59","South East Commissioning Region","QKS","NHS Kent and Medway Integrated Care Board",2000-04-01,NA
"RWG","West Hertfordshire Teaching Hospitals NHS Trust","Trust Offices, Watford General Hospital, Vicarage Road, Watford, WD18 0HB","WD18 0HB","Y61","East of England Commissioning Region","QM7","NHS Hertfordshire and West Essex Integrated Care Board",2000-04-01,NA
"RWH","East and North Hertfordshire NHS Trust","Lister Hospital, Coreys Mill Lane, Stevenage, Hertfordshire, SG1 4AB","SG1 4AB","Y61","East of England Commissioning Region","QM7","NHS Hertfordshire and West Essex Integrated Care Board",2000-04-01,NA
"RWJ","Stockport NHS Foundation Trust","Stepping Hill Hospital, Poplar Grove, Stockport, SK2 7JE","SK2 7JE","Y62","North West Commissioning Region","QOP","NHS Greater Manchester Integrated Care Board",2000-04-01,NA
"RWK","East London NHS Foundation Trust","Robert Dolan House, 9 Alie Street, London, Greater London, E1 8DE","E1 8DE","Y56","London Commissioning Region","QMF","NHS North East London Integrated Care Board",2000-04-01,NA
"RWP","Worcestershire Acute Hospitals NHS Trust","Worcestershire Royal Hospital, Charles Hastings Way, Worcester, WR5 1DD","WR5 1DD","Y60","Midlands Commissioning Region","QGH","NHS Herefordshire and Worcestershire Integrated Care Board",2000-04-01,NA
"RWR","Hertfordshire Partnership University NHS Foundation Trust","The Colonnades, Beaconsfield Close, Hatfield, AL10 8YE","AL10 8YE","Y61","East of England Commissioning Region","QM7","NHS Hertfordshire and West Essex Integrated Care Board",2001-04-01,NA
"RWV","Devon Partnership NHS Trust","Wonford House Hospital, Dryden Road, Exeter, EX2 5AF","EX2 5AF","Y58","South West Commissioning Region","QJK","NHS Devon Integrated Care Board",2001-04-01,NA
"RWW","Warrington and Halton Teaching Hospitals NHS Foundation Trust","Warrington Hospital, Lovely Lane, Warrington, WA5 1QG","WA5 1QG","Y62","North West Commissioning Region","QYG","NHS Cheshire and Merseyside Integrated Care Board",2001-04-01,NA
"RWX","Berkshire Healthcare NHS Foundation Trust","Fitzwilliam House, Skimped Hill Lane, Bracknell, RG12 1BQ","RG12 1BQ","Y59","South East Commissioning Region","QNQ","NHS Frimley Integrated Care Board",2001-04-01,NA
"RWY","Calderdale and Huddersfield NHS Foundation Trust","Trust Headquarters, Acre Street, Lindley, Huddersfield, HD3 3EA","HD3 3EA","Y63","North East and Yorkshire Commissioning Region","QWO","NHS West Yorkshire Integrated Care Board",2001-04-01,NA
"RX1","Nottingham University Hospitals NHS Trust","Trust Headquarters, Queens Medical Centre, Derby Road, Nottingham, NG7 2UH","NG7 2UH","Y60","Midlands Commissioning Region","QT1","NHS Nottingham and Nottinghamshire Integrated Care Board",2006-04-01,NA
"RX2","Sussex Partnership NHS Foundation Trust","Trust Hq, Swandean, Arundel Road, Worthing, BN13 3EP","BN13 3EP","Y59","South East Commissioning Region","QNX","NHS Sussex Integrated Care Board",2006-04-01,NA
"RX3","Tees, Esk and Wear Valleys NHS Foundation Trust","Trust Headquarters, West Park Hospital, Edward Pease Way, Darlington, DL2 2TS","DL2 2TS","Y63","North East and Yorkshire Commissioning Region","QHM","NHS North East and North Cumbria Integrated Care Board",2006-04-01,NA
"RX4","Cumbria, Northumberland, Tyne and Wear NHS Foundation Trust","St Nicholas Hospital, Jubilee Road, Gosforth, Newcastle Upon Tyne, Tyne And Wear, NE3 3XT","NE3 3XT","Y63","North East and Yorkshire Commissioning Region","QHM","NHS North East and North Cumbria Integrated Care Board",2006-04-01,NA
"RX6","North East Ambulance Service NHS Foundation Trust","Bernicia House, The Waterfront, Goldcrest Way, Newcastle Upon Tyne, NE15 8NY","NE15 8NY","Y63","North East and Yorkshire Commissioning Region","QHM","NHS North East and North Cumbria Integrated Care Board",2006-07-01,NA
"RX7","North West Ambulance Service NHS Trust","Ladybridge Hall, 399 Chorley New Road, Bolton, BL1 5DD","BL1 5DD","Y62","North West Commissioning Region","QOP","NHS Greater Manchester Integrated Care Board",2006-07-01,NA
"RX8","Yorkshire Ambulance Service NHS Trust","Springhill, 2 Brindley Way, Wakefield 41 Industrial Estate, Wakefield, WF2 0XQ","WF2 0XQ","Y63","North East and Yorkshire Commissioning Region","QWO","NHS West Yorkshire Integrated Care Board",2006-07-01,NA
"RX9","East Midlands Ambulance Service NHS Trust","1 Horizon Place, Mellors Way, Nottingham Business Park, Nottingham, NG8 6PY","NG8 6PY","Y60","Midlands Commissioning Region","QT1","NHS Nottingham and Nottinghamshire Integrated Care Board",2006-07-01,NA
"RXA","Cheshire and Wirral Partnership NHS Foundation Trust","Trust Headquarters Redesmere, The Countess Of Chester Health Park, Liverpool Road, Chester, CH2 1BQ","CH2 1BQ","Y62","North West Commissioning Region","QYG","NHS Cheshire and Merseyside Integrated Care Board",2002-04-01,NA
"RXC","East Sussex Healthcare NHS Trust","St Annes House, 729 The Ridge, St. Leonards-On-Sea, TN37 7PT","TN37 7PT","Y59","South East Commissioning Region","QNX","NHS Sussex Integrated Care Board",2002-04-01,NA
"RXE","Rotherham Doncaster and South Humber NHS Foundation Trust","Woodfield House, Tickhill Road, Doncaster, DN4 8QN","DN4 8QN","Y63","North East and Yorkshire Commissioning Region","QF7","NHS South Yorkshire Integrated Care Board",2004-04-01,NA
"RXF","Mid Yorkshire Hospitals NHS Trust","Pinderfields Hospital, Aberford Road, Wakefield, WF1 4DG","WF1 4DG","Y63","North East and Yorkshire Commissioning Region","QWO","NHS West Yorkshire Integrated Care Board",2002-04-01,NA
"RXG","South West Yorkshire Partnership NHS Foundation Trust","Trust Headquarters, Fieldhead Hospital, Ouchthorpe Lane, Wakefield, WF1 3SP","WF1 3SP","Y63","North East and Yorkshire Commissioning Region","QWO","NHS West Yorkshire Integrated Care Board",2002-04-01,NA
"RXK","Sandwell and West Birmingham Hospitals NHS Trust","City Hospital, Dudley Road, Birmingham, B18 7QH","B18 7QH","Y60","Midlands Commissioning Region","QUA","NHS Black Country Integrated Care Board",2002-04-01,NA
"RXL","Blackpool Teaching Hospitals NHS Foundation Trust","Victoria Hospital, Whinney Heys Road, Blackpool, FY3 8NR","FY3 8NR","Y62","North West Commissioning Region","QE1","NHS Lancashire and South Cumbria Integrated Care Board",2002-04-01,NA
"RXM","Derbyshire Healthcare NHS Foundation Trust","Trust Headquarters, Kingsway Hospital, Kingsway, Derby, DE22 3LZ","DE22 3LZ","Y60","Midlands Commissioning Region","QJ2","NHS Derby and Derbyshire Integrated Care Board",2002-04-01,NA
"RXN","Lancashire Teaching Hospitals NHS Foundation Trust","Royal Preston Hospital, Sharoe Green Lane, Fulwood, Preston, PR2 9HT","PR2 9HT","Y62","North West Commissioning Region","QE1","NHS Lancashire and South Cumbria Integrated Care Board",2002-08-01,NA
"RXP","County Durham and Darlington NHS Foundation Trust","Darlington Memorial Hospital, Hollyhurst Road, Darlington, DL3 6HX","DL3 6HX","Y63","North East and Yorkshire Commissioning Region","QHM","NHS North East and North Cumbria Integrated Care Board",2002-10-01,NA
"RXQ","Buckinghamshire Healthcare NHS Trust","Amersham Hospital, Whielden Street, Amersham, HP7 0JD","HP7 0JD","Y59","South East Commissioning Region","QU9","NHS Buckinghamshire, Oxfordshire and Berkshire West Integrated Care Board",2003-04-01,NA
"RXR","East Lancashire Hospitals NHS Trust","Royal Blackburn Hospital, Haslingden Road, Blackburn, BB2 3HH","BB2 3HH","Y62","North West Commissioning Region","QE1","NHS Lancashire and South Cumbria Integrated Care Board",2003-04-01,NA
"RXT","Birmingham and Solihull Mental Health NHS Foundation Trust","Unit 1, 50 Summer Hill Road, Birmingham, B1 3RB","B1 3RB","Y60","Midlands Commissioning Region","QUA","NHS Black Country Integrated Care Board",2003-04-01,NA
"RXV","Greater Manchester Mental Health NHS Foundation Trust","Prestwich Hospital, Bury New Road, Prestwich, Manchester, M25 3BL","M25 3BL","Y62","North West Commissioning Region","QOP","NHS Greater Manchester Integrated Care Board",2003-04-01,NA
"RXW","The Shrewsbury and Telford Hospital NHS Trust","Mytton Oak Road, Shrewsbury, SY3 8XQ","SY3 8XQ","Y60","Midlands Commissioning Region","QOC","NHS Shropshire, Telford and Wrekin Integrated Care Board",2003-10-01,NA
"RXX","Surrey and Borders Partnership NHS Foundation Trust","18 Mole Business Park, Randalls Road, Leatherhead, KT22 7AD","KT22 7AD","Y59","South East Commissioning Region","QXU","NHS Surrey Heartlands Integrated Care Board",2005-04-01,NA
"RXY","Kent and Medway NHS and Social Care Partnership Trust","Farm Villa, Hermitage Lane, Maidstone, ME16 9PH","ME16 9PH","Y59","South East Commissioning Region","QKS","NHS Kent and Medway Integrated Care Board",2006-04-01,NA
"RY2","Bridgewater Community Healthcare NHS Foundation Trust","Europa Point, Europa Boulevard, Westbrook, Warrington, Cheshire, WA5 7TY","WA5 7TY","Y62","North West Commissioning Region","QYG","NHS Cheshire and Merseyside Integrated Care Board",2010-11-01,NA
"RY3","Norfolk Community Health and Care NHS Trust","Norwich Community Hospital, Bowthorpe Road, Norwich, NR2 3TU","NR2 3TU","Y61","East of England Commissioning Region","QMM","NHS Norfolk and Waveney Integrated Care Board",2010-11-01,NA
"RY4","Hertfordshire Community NHS Trust","Unit 1a Howard Court, 14 Tewin Road, Welwyn Garden City, Hertfordshire, AL7 1BW","AL7 1BW","Y61","East of England Commissioning Region","QM7","NHS Hertfordshire and West Essex Integrated Care Board",2010-11-01,NA
"RY5","Lincolnshire Community Health Services NHS Trust","Beech House, Witham Park, Waterside South, Lincoln, Lincolnshire, LN5 7JH","LN5 7JH","Y60","Midlands Commissioning Region","QJM","NHS Lincolnshire Integrated Care Board",2011-04-01,NA
"RY6","Leeds Community Healthcare NHS Trust","Stockdale House, 8 Victoria Road, Leeds, LS6 1PF","LS6 1PF","Y63","North East and Yorkshire Commissioning Region","QWO","NHS West Yorkshire Integrated Care Board",2011-04-01,NA
"RY7","Wirral Community Health and Care NHS Foundation Trust","Derby Road, Birkenhead, CH42 0LQ","CH42 0LQ","Y62","North West Commissioning Region","QYG","NHS Cheshire and Merseyside Integrated Care Board",2011-04-01,NA
"RY8","Derbyshire Community Health Services NHS Foundation Trust","Trust Hq, Ash Green Disability Ctr, Ashgate Road, Ashgate, Chesterfield, S42 7JE","S42 7JE","Y60","Midlands Commissioning Region","QJ2","NHS Derby and Derbyshire Integrated Care Board",2011-04-01,NA
"RY9","Hounslow and Richmond Community Healthcare NHS Trust","Thames House, 180-194 High Street, Teddington, TW11 8HU","TW11 8HU","Y56","London Commissioning Region","QWE","NHS South West London Integrated Care Board",2011-04-01,NA
"RYA","West Midlands Ambulance Service University NHS Foundation Trust","Millennium Point, Waterfront Business Park, Dudley Road, Brierley Hill, DY5 1LX","DY5 1LX","Y60","Midlands Commissioning Region","QUA","NHS Black Country Integrated Care Board",2006-07-01,NA
"RYC","East of England Ambulance Service NHS Trust","Unit 3, Whiting Way, Melbourn, Royston, SG8 6NA","SG8 6NA","Y61","East of England Commissioning Region","QUE","NHS Cambridgeshire and Peterborough Integrated Care Board",2006-07-01,NA
"RYD","South East Coast Ambulance Service NHS Foundation Trust","Trust Headquarters, Nexus House, 4 Gatwick Road, Crawley, RH10 9BG","RH10 9BG","Y59","South East Commissioning Region","QNX","NHS Sussex Integrated Care Board",2006-07-01,NA
"RYE","South Central Ambulance Service NHS Foundation Trust","7-8 Talisman Business Centre, Talisman Road, Bicester, OX26 6HR","OX26 6HR","Y59","South East Commissioning Region","QU9","NHS Buckinghamshire, Oxfordshire and Berkshire West Integrated Care Board",2006-07-01,NA
"RYF","South Western Ambulance Service NHS Foundation Trust","Abbey Court, Eagle Way, Exeter, Devon, EX2 7HY","EX2 7HY","Y58","South West Commissioning Region","QJK","NHS Devon Integrated Care Board",2006-07-01,NA
"RYG","Coventry and Warwickshire Partnership NHS Trust","Wayside House, Wilsons Lane, Coventry, CV6 6NY","CV6 6NY","Y60","Midlands Commissioning Region","QWU","NHS Coventry and Warwickshire Integrated Care Board",2006-10-01,NA
"RYJ","Imperial College Healthcare NHS Trust","The Bays, St Marys Hospital, South Wharf Road, London, W2 1BL","W2 1BL","Y56","London Commissioning Region","QRV","NHS North West London Integrated Care Board",2007-10-01,NA
"RYK","Dudley Integrated Health and Care NHS Trust","Venture Way, Brierley Hill, DY5 1RU","DY5 1RU","Y60","Midlands Commissioning Region","QUA","NHS Black Country Integrated Care Board",2008-10-01,NA
"RYR","University Hospitals Sussex NHS Foundation Trust","Worthing Hospital, Lyndhurst Road, Worthing, BN11 2DH","BN11 2DH","Y59","South East Commissioning Region","QNX","NHS Sussex Integrated Care Board",2009-04-01,NA
"RYT","Public Health Wales NHS Trust","2 Capital Quarter, Tyndall Street, Cardiff, CF10 4BZ","CF10 4BZ","W00","Wales","Q99","Wales",2009-10-01,NA
"RYV","Cambridgeshire Community Services NHS Trust","Unit 7-8, Meadow Park, Meadow Lane, St. Ives, PE27 4LG","PE27 4LG","Y61","East of England Commissioning Region","QUE","NHS Cambridgeshire and Peterborough Integrated Care Board",2010-04-01,NA
"RYW","Birmingham Community Healthcare NHS Foundation Trust","3 Priestley Wharf, Holt Street, Birmingham Science Park, Aston, Birmingham, B7 4BN","B7 4BN","Y60","Midlands Commissioning Region","QHL","NHS Birmingham and Solihull Integrated Care Board",2010-11-01,NA
"RYX","Central London Community Healthcare NHS Trust","Ground Floor, 15 Marylebone Road, London, NW1 5JD","NW1 5JD","Y56","London Commissioning Region","QRV","NHS North West London Integrated Care Board",2010-11-01,NA
"RYY","Kent Community Health NHS Foundation Trust","Unit D, The Oast, Hermitage Lane, Maidstone, ME16 9NT","ME16 9NT","Y59","South East Commissioning Region","QKS","NHS Kent and Medway Integrated Care Board",2010-11-01,NA
